{"stats":{"minecraft:used":{"minecraft:bread":1},"minecraft:mined":{"minecraft:grass":2,"minecraft:grass_block":2,"minecraft:rose_bush":1},"minecraft:picked_up":{"minecraft:porkchop":3,"minecraft:player_head":1,"minecraft:dirt":2},"minecraft:killed":{"minecraft:pig":1},"minecraft:custom":{"minecraft:jump":92,"minecraft:open_chest":1,"minecraft:time_since_rest":10748,"minecraft:damage_dealt":100,"minecraft:damage_taken":40,"minecraft:leave_game":2,"minecraft:play_time":10748,"minecraft:sprint_one_cm":43403,"minecraft:walk_on_water_one_cm":460,"minecraft:time_since_death":10748,"minecraft:walk_one_cm":30138,"minecraft:total_world_time":10819,"minecraft:mob_kills":1,"minecraft:fall_one_cm":1312,"minecraft:fly_one_cm":17695}},"DataVersion":3465}