{
  "incendium:technical/scroll_of_returning": {
    "criteria": {
      "log_spam_fixer": "2024-05-28 22:47:32 -0500"
    },
    "done": false
  },
  "dev:pack": {
    "criteria": {
      "trigger": "2024-05-28 22:47:23 -0500"
    },
    "done": true
  },
  "incendium:technical/sentrys_wrath": {
    "criteria": {
      "log_spam_fixer": "2024-05-28 22:50:56 -0500"
    },
    "done": false
  },
  "incendium:technical/inventory/sentrys_wrath": {
    "criteria": {
      "log_spam_fixer": "2024-05-28 22:50:56 -0500"
    },
    "done": false
  },
  "incendium:technical/multiplex_crossbow": {
    "criteria": {
      "log_spam_fixer": "2024-05-28 22:50:56 -0500"
    },
    "done": false
  },
  "incendium:technical/using/ragnarok": {
    "criteria": {
      "log_spam_fixer": "2024-05-28 22:47:32 -0500"
    },
    "done": false
  },
  "dungeons_arise:wda_root": {
    "criteria": {
      "WDA": "2024-05-28 22:47:23 -0500"
    },
    "done": true
  },
  "incendium:technical/feed_ghastling": {
    "criteria": {
      "log_spam_fixer": "2024-05-28 22:50:56 -0500"
    },
    "done": false
  },
  "incendium:technical/on_inventory_change": {
    "criteria": {
      "log_spam_fixer": "2024-05-28 22:50:56 -0500"
    },
    "done": false
  },
  "1_splatus:ultris/root": {
    "criteria": {
      "c1": "2024-05-28 22:47:22 -0500"
    },
    "done": true
  },
  "global:genmode": {
    "criteria": {
      "trigger": "2024-05-28 22:47:23 -0500"
    },
    "done": true
  },
  "incendium:technical/on_player_hurt": {
    "criteria": {
      "log_spam_fixer": "2024-05-28 22:50:56 -0500"
    },
    "done": false
  },
  "minecraft:recipes/decorations/crafting_table": {
    "criteria": {
      "unlock_right_away": "2024-05-28 22:47:23 -0500"
    },
    "done": true
  },
  "incendium:technical/using/trailblazer": {
    "criteria": {
      "log_spam_fixer": "2024-05-28 22:47:32 -0500"
    },
    "done": false
  },
  "betterdungeons:root": {
    "criteria": {
      "always": "2024-05-28 22:47:23 -0500"
    },
    "done": true
  },
  "incendium:technical/firestorm": {
    "criteria": {
      "log_spam_fixer": "2024-05-28 22:50:56 -0500"
    },
    "done": false
  },
  "incendium:technical/holy_wrath": {
    "criteria": {
      "log_spam_fixer": "2024-05-28 22:50:56 -0500"
    },
    "done": false
  },
  "incendium:technical/on_block": {
    "criteria": {
      "log_spam_fixer": "2024-05-28 22:50:56 -0500"
    },
    "done": false
  },
  "incendium:technical/using/shield": {
    "criteria": {
      "log_spam_fixer": "2024-05-28 22:47:32 -0500"
    },
    "done": false
  },
  "incendium:technical/inventory/firestorm": {
    "criteria": {
      "log_spam_fixer": "2024-05-28 22:50:56 -0500"
    },
    "done": false
  },
  "betterdeserttemples:root": {
    "criteria": {
      "always": "2024-05-28 22:47:23 -0500"
    },
    "done": true
  },
  "global:root": {
    "criteria": {
      "trigger": "2024-05-28 22:47:23 -0500"
    },
    "done": true
  },
  "incendium:technical/new_player": {
    "criteria": {
      "requirement": "2024-05-28 22:47:23 -0500"
    },
    "done": true
  },
  "incendium:technical/give_ghastling": {
    "criteria": {
      "log_spam_fixer": "2024-05-28 22:50:56 -0500"
    },
    "done": false
  },
  "incendium:technical/on_kill": {
    "criteria": {
      "log_spam_fixer": "2024-05-28 22:50:56 -0500"
    },
    "done": false
  },
  "DataVersion": 3465
}